{
    "testdir": "/benchmarks/2024-09-18-13-00-15--claude-sonnet-test/word-count",
    "testcase": "word-count",
    "model": "anthropic/claude-3-5-sonnet-20240620",
    "edit_format": "diff",
    "tests_outcomes": [
        false,
        true
    ],
    "cost": 0.03623505,
    "duration": 22.799909591674805,
    "test_timeouts": 0,
    "commit_hash": "e603714-dirty",
    "num_error_outputs": 0,
    "num_user_asks": 0,
    "num_exhausted_context_windows": 0,
    "num_malformed_responses": 0,
    "syntax_errors": 0,
    "indentation_errors": 0,
    "lazy_comments": 0,
    "chat_hashes": [
        [
            "fbf048fcbbf8cb7b4091b3612b6386133c36a972",
            "1ebdd4acedd77ac7ba0175f8db2666d8945b3987"
        ],
        [
            "023efe19b58b35c49310372971867825a3c70f68",
            "0f76ed0a504c44e14b8a535282735cba7ab6b0d5"
        ]
    ]
}