{
    "testdir": "/benchmarks/2024-09-18-00-34-01--claude-sonnet-test/hangman",
    "testcase": "hangman",
    "model": "anthropic/claude-3-5-sonnet-20240620",
    "edit_format": "diff",
    "tests_outcomes": [
        false,
        false
    ],
    "cost": 0.053638950000000005,
    "duration": 31.980238914489746,
    "test_timeouts": 0,
    "commit_hash": "e603714-dirty",
    "num_error_outputs": 0,
    "num_user_asks": 0,
    "num_exhausted_context_windows": 0,
    "num_malformed_responses": 0,
    "syntax_errors": 0,
    "indentation_errors": 0,
    "lazy_comments": 0,
    "chat_hashes": [
        [
            "676ad7dcd4471434351f57ef29aba2e60e92a19b",
            "4d473a95bd79ad311d852eb49eb61da2b4cbf8d2"
        ],
        [
            "1b0ea07b2c8601b7f529b2accbfc7226183f6b60",
            "9e51b1d8ee5ed4ec67bc30ce610ee54d4bb9ac5d"
        ]
    ]
}