{
    "testdir": "/benchmarks/2024-09-18-13-00-15--claude-sonnet-test/connect",
    "testcase": "connect",
    "model": "anthropic/claude-3-5-sonnet-20240620",
    "edit_format": "diff",
    "tests_outcomes": [
        false,
        true
    ],
    "cost": 0.0443523,
    "duration": 25.223466396331787,
    "test_timeouts": 0,
    "commit_hash": "e603714-dirty",
    "num_error_outputs": 0,
    "num_user_asks": 0,
    "num_exhausted_context_windows": 0,
    "num_malformed_responses": 0,
    "syntax_errors": 0,
    "indentation_errors": 0,
    "lazy_comments": 0,
    "chat_hashes": [
        [
            "0e67c759a0fe23a7ed9e94b8f2ea56f5ea9ed833",
            "79ff77fa131331cf013fd296885b0dd935697742"
        ],
        [
            "fcdf80f3d9520953554b439c2b0bad4369ab97f6",
            "c03bbae0c71b4ba6fc832bdb025d8fe49bf83091"
        ]
    ]
}