{
    "testdir": "/benchmarks/2024-09-18-00-34-01--claude-sonnet-test/bottle-song",
    "testcase": "bottle-song",
    "model": "anthropic/claude-3-5-sonnet-20240620",
    "edit_format": "diff",
    "tests_outcomes": [
        false,
        true
    ],
    "cost": 0.05002545,
    "duration": 30.90259838104248,
    "test_timeouts": 0,
    "commit_hash": "e603714-dirty",
    "num_error_outputs": 0,
    "num_user_asks": 0,
    "num_exhausted_context_windows": 0,
    "num_malformed_responses": 0,
    "syntax_errors": 0,
    "indentation_errors": 0,
    "lazy_comments": 0,
    "chat_hashes": [
        [
            "4ab9bedbd61b5d50c8912784087729b94965812e",
            "af728b030b447264ed1691ec77a45b736af46cfb"
        ],
        [
            "4951676477a62c4329631bd816962f506dc77cbd",
            "c57b22c5a0af656897ac506f90ade7f6be933adc"
        ]
    ]
}