{
    "testdir": "/benchmarks/2024-09-18-13-00-15--claude-sonnet-test/phone-number",
    "testcase": "phone-number",
    "model": "anthropic/claude-3-5-sonnet-20240620",
    "edit_format": "diff",
    "tests_outcomes": [
        false,
        true
    ],
    "cost": 0.05239155,
    "duration": 30.567931652069092,
    "test_timeouts": 0,
    "commit_hash": "e603714-dirty",
    "num_error_outputs": 0,
    "num_user_asks": 0,
    "num_exhausted_context_windows": 0,
    "num_malformed_responses": 0,
    "syntax_errors": 0,
    "indentation_errors": 0,
    "lazy_comments": 0,
    "chat_hashes": [
        [
            "7ecbb2c99535a5d0fcf3cfdd46ed88503662a1e5",
            "483a10f6bd041ba34c3692c9062d2164ea184cb0"
        ],
        [
            "0ea6c703d955709cbef87f045119afef98c3a03b",
            "b17d5a6c03596efb23780a55d86075755a35d009"
        ]
    ]
}