{
    "testdir": "/benchmarks/2024-09-18-00-34-01--claude-sonnet-test/dominoes",
    "testcase": "dominoes",
    "model": "anthropic/claude-3-5-sonnet-20240620",
    "edit_format": "diff",
    "tests_outcomes": [
        false,
        false
    ],
    "cost": 0.05764770000000001,
    "duration": 37.897849798202515,
    "test_timeouts": 0,
    "commit_hash": "e603714-dirty",
    "num_error_outputs": 0,
    "num_user_asks": 0,
    "num_exhausted_context_windows": 0,
    "num_malformed_responses": 0,
    "syntax_errors": 0,
    "indentation_errors": 0,
    "lazy_comments": 0,
    "chat_hashes": [
        [
            "af7aedeb45394aac0310adef1d4868b09485cfbd",
            "cf3db54f3bb15c87f847c7dc01e57408dc9f7acc"
        ],
        [
            "94ac513a5398e8c80c2a7e66d441dd8d98c011e7",
            "2fc01070723f5be70aedcf433bfd4284558b593a"
        ]
    ]
}