{
    "testdir": "/benchmarks/2024-09-18-00-34-01--claude-sonnet-test/octal",
    "testcase": "octal",
    "model": "anthropic/claude-3-5-sonnet-20240620",
    "edit_format": "diff",
    "tests_outcomes": [
        false,
        true
    ],
    "cost": 0.0412257,
    "duration": 25.790831089019775,
    "test_timeouts": 0,
    "commit_hash": "e603714-dirty",
    "num_error_outputs": 0,
    "num_user_asks": 0,
    "num_exhausted_context_windows": 0,
    "num_malformed_responses": 0,
    "syntax_errors": 0,
    "indentation_errors": 0,
    "lazy_comments": 0,
    "chat_hashes": [
        [
            "2a0d3193c8d6bd0e4a1a8e958dcec7324f1b009c",
            "9b56e342bd87d6f0058d6dc170fa8d037b9eca59"
        ],
        [
            "8a13f1f7d0a97acdda30b986dec009560bbdd39a",
            "c354c10943730d0450887e3fc95403370b8e3fdf"
        ]
    ]
}