{
    "testdir": "/benchmarks/2024-09-20-01-31-20--claude-sonnet-test/dominoes",
    "testcase": "dominoes",
    "model": "anthropic/claude-3-5-sonnet-20240620",
    "edit_format": "diff",
    "tests_outcomes": [
        false,
        false
    ],
    "cost": 0.13298625,
    "duration": 38.776697397232056,
    "test_timeouts": 0,
    "commit_hash": "e603714-dirty",
    "num_error_outputs": 0,
    "num_user_asks": 0,
    "num_exhausted_context_windows": 0,
    "num_malformed_responses": 0,
    "syntax_errors": 0,
    "indentation_errors": 0,
    "lazy_comments": 0,
    "chat_hashes": [
        [
            "60be4231727a6e756ac7e4b9e5d2c14e55d980ff",
            "69354fb7d832c62b1f4006a9482b25c15fc77a01"
        ],
        [
            "5adc04e2657844884f4b1c282be419675089a724",
            "99a507b66790a228794b42ccb47c8f7f311da072"
        ]
    ]
}