{
    "testdir": "/benchmarks/2024-09-20-01-31-20--claude-sonnet-test/phone-number",
    "testcase": "phone-number",
    "model": "anthropic/claude-3-5-sonnet-20240620",
    "edit_format": "diff",
    "tests_outcomes": [
        false,
        true
    ],
    "cost": 0.051780900000000005,
    "duration": 35.04993557929993,
    "test_timeouts": 0,
    "commit_hash": "e603714-dirty",
    "num_error_outputs": 0,
    "num_user_asks": 0,
    "num_exhausted_context_windows": 0,
    "num_malformed_responses": 0,
    "syntax_errors": 0,
    "indentation_errors": 0,
    "lazy_comments": 0,
    "chat_hashes": [
        [
            "667e81b8a8f5623a04a7d432b67d1c7854778b04",
            "413236969fc1065f2cd7b3b30d4a223038a97256"
        ],
        [
            "7043ee29fff1abc09b02fcb27bb4ae893261cf32",
            "27abf769f9241aaee8f704f142df0818d5427034"
        ]
    ]
}