{
    "testdir": "/benchmarks/2024-09-18-00-34-01--claude-sonnet-test/paasio",
    "testcase": "paasio",
    "model": "anthropic/claude-3-5-sonnet-20240620",
    "edit_format": "diff",
    "tests_outcomes": [
        false,
        false
    ],
    "cost": 0.0582327,
    "duration": 42.21822190284729,
    "test_timeouts": 0,
    "commit_hash": "e603714-dirty",
    "num_error_outputs": 0,
    "num_user_asks": 0,
    "num_exhausted_context_windows": 0,
    "num_malformed_responses": 0,
    "syntax_errors": 0,
    "indentation_errors": 0,
    "lazy_comments": 0,
    "chat_hashes": [
        [
            "bed4a7173805b2062d64b017ec078ef06a7baebf",
            "a2364ba9a601ed2e4c03dbad83329c58efa2fd22"
        ],
        [
            "e9a70976666faa91f390a1f45ad16601c332c705",
            "d53f9793e5ce0011ed90469f214d41b0770c6468"
        ]
    ]
}