{
    "testdir": "/benchmarks/2024-09-18-13-00-15--claude-sonnet-test/killer-sudoku-helper",
    "testcase": "killer-sudoku-helper",
    "model": "anthropic/claude-3-5-sonnet-20240620",
    "edit_format": "diff",
    "tests_outcomes": [
        false,
        true
    ],
    "cost": 0.0364278,
    "duration": 25.50821328163147,
    "test_timeouts": 0,
    "commit_hash": "e603714-dirty",
    "num_error_outputs": 0,
    "num_user_asks": 0,
    "num_exhausted_context_windows": 0,
    "num_malformed_responses": 0,
    "syntax_errors": 0,
    "indentation_errors": 0,
    "lazy_comments": 0,
    "chat_hashes": [
        [
            "fee33dd48ad9e192c3ca922bc651ca3670c700cb",
            "b72560050ce318267192f465bd95c9b4995537f0"
        ],
        [
            "c0897122db3b82c00522878c4495c32bf9250679",
            "32bc56a49c3f549b5bc3a64f34688e1116883771"
        ]
    ]
}