{
    "testdir": "/benchmarks/2024-09-20-01-31-20--claude-sonnet-test/word-search",
    "testcase": "word-search",
    "model": "anthropic/claude-3-5-sonnet-20240620",
    "edit_format": "diff",
    "tests_outcomes": [
        false,
        true
    ],
    "cost": 0.051652500000000004,
    "duration": 30.277376651763916,
    "test_timeouts": 0,
    "commit_hash": "e603714-dirty",
    "num_error_outputs": 0,
    "num_user_asks": 0,
    "num_exhausted_context_windows": 0,
    "num_malformed_responses": 0,
    "syntax_errors": 0,
    "indentation_errors": 0,
    "lazy_comments": 0,
    "chat_hashes": [
        [
            "89d8a82054bfc4069f1728669e727eec8b36635a",
            "5b112f67fafc14355a6f1df841c2b16ff37a4f52"
        ],
        [
            "4cd0fad0f2d9964be83ee1f0066f79364bc3423b",
            "c92d22e1cbba33c0001083e14f89d4f4e22186a5"
        ]
    ]
}