{
    "testdir": "/benchmarks/2024-09-20-01-31-20--claude-sonnet-test/ledger",
    "testcase": "ledger",
    "model": "anthropic/claude-3-5-sonnet-20240620",
    "edit_format": "diff",
    "tests_outcomes": [
        false,
        false
    ],
    "cost": 0.20859225,
    "duration": 115.92852759361267,
    "test_timeouts": 0,
    "commit_hash": "e603714-dirty",
    "num_error_outputs": 0,
    "num_user_asks": 0,
    "num_exhausted_context_windows": 0,
    "num_malformed_responses": 0,
    "syntax_errors": 0,
    "indentation_errors": 0,
    "lazy_comments": 0,
    "chat_hashes": [
        [
            "7fd2baf0bc2fcf75be3f881a324d11de353d552f",
            "818536ef2b046a2b9a75179655cfd40adf9f49bc"
        ],
        [
            "a138e983655b7084153d26fc139debc12c71da05",
            "b82a8fbf597913d24d2c2bc5cbeb223fad615111"
        ]
    ]
}