{
    "testdir": "/benchmarks/2024-09-20-01-31-20--claude-sonnet-test/hangman",
    "testcase": "hangman",
    "model": "anthropic/claude-3-5-sonnet-20240620",
    "edit_format": "diff",
    "tests_outcomes": [
        false,
        false
    ],
    "cost": 0.048823500000000006,
    "duration": 29.590352296829224,
    "test_timeouts": 0,
    "commit_hash": "e603714-dirty",
    "num_error_outputs": 0,
    "num_user_asks": 0,
    "num_exhausted_context_windows": 0,
    "num_malformed_responses": 0,
    "syntax_errors": 0,
    "indentation_errors": 0,
    "lazy_comments": 0,
    "chat_hashes": [
        [
            "14669027bd0c0de87a86880e93a96255631309ea",
            "921ea75ed91f84f6db07d888c03126042dc2b068"
        ],
        [
            "68f1b55751f9b27360d724adebea45d9b2777020",
            "e7288abcf5ab58fd0ad42f321aba91a7173aad61"
        ]
    ]
}