{
    "testdir": "/benchmarks/2024-09-20-01-31-20--claude-sonnet-test/paasio",
    "testcase": "paasio",
    "model": "anthropic/claude-3-5-sonnet-20240620",
    "edit_format": "diff",
    "tests_outcomes": [
        false,
        false
    ],
    "cost": 0.099915,
    "duration": 69.97443985939026,
    "test_timeouts": 0,
    "commit_hash": "e603714-dirty",
    "num_error_outputs": 0,
    "num_user_asks": 0,
    "num_exhausted_context_windows": 0,
    "num_malformed_responses": 0,
    "syntax_errors": 0,
    "indentation_errors": 0,
    "lazy_comments": 0,
    "chat_hashes": [
        [
            "3356766f52c0aaea32ea3e8cde5f58f34b5d93c0",
            "cb7897717320d9295c4bda52c55fc5ab4991417c"
        ],
        [
            "f74b0b48640df358362aaa32ec3d60576e40be5b",
            "69dfb070921e13a2d4ae137afe67f02041a732f8"
        ]
    ]
}