{
    "testdir": "/benchmarks/2024-09-18-13-00-15--claude-sonnet-test/rest-api",
    "testcase": "rest-api",
    "model": "anthropic/claude-3-5-sonnet-20240620",
    "edit_format": "diff",
    "tests_outcomes": [
        false,
        false
    ],
    "cost": 0.06290655,
    "duration": 41.38842225074768,
    "test_timeouts": 0,
    "commit_hash": "e603714-dirty",
    "num_error_outputs": 0,
    "num_user_asks": 0,
    "num_exhausted_context_windows": 0,
    "num_malformed_responses": 0,
    "syntax_errors": 0,
    "indentation_errors": 0,
    "lazy_comments": 0,
    "chat_hashes": [
        [
            "a2d22aa1768d30fcbbe9c2859a21958f7217cc45",
            "1f37a577dfce48e6cb775a2b034ac40b8be6984d"
        ],
        [
            "5bcf65293fbfea5959c572c61a6100b2052c925d",
            "338bf5033b8776f4e47690db5a995b0226afbf82"
        ]
    ]
}