{
    "testdir": "/benchmarks/2024-09-18-00-34-01--claude-sonnet-test/word-count",
    "testcase": "word-count",
    "model": "anthropic/claude-3-5-sonnet-20240620",
    "edit_format": "diff",
    "tests_outcomes": [
        false,
        false
    ],
    "cost": 0.03741345,
    "duration": 26.219282627105713,
    "test_timeouts": 0,
    "commit_hash": "e603714-dirty",
    "num_error_outputs": 0,
    "num_user_asks": 0,
    "num_exhausted_context_windows": 0,
    "num_malformed_responses": 0,
    "syntax_errors": 0,
    "indentation_errors": 0,
    "lazy_comments": 0,
    "chat_hashes": [
        [
            "8ea7eb030362e4b57c3361280bf4b58ee00fd1cd",
            "1ffd87058ce412d001f469308ff15410bcb0aaca"
        ],
        [
            "10abdd39ca9a3a79ea46fef7fb4c6a517517e980",
            "6114e942b0e08964417c9d151dc31567d83a52b0"
        ]
    ]
}