{
    "testdir": "/benchmarks/2024-09-18-13-00-15--claude-sonnet-test/scale-generator",
    "testcase": "scale-generator",
    "model": "anthropic/claude-3-5-sonnet-20240620",
    "edit_format": "diff",
    "tests_outcomes": [
        false,
        false
    ],
    "cost": 0.052659300000000006,
    "duration": 37.28053665161133,
    "test_timeouts": 0,
    "commit_hash": "e603714-dirty",
    "num_error_outputs": 0,
    "num_user_asks": 0,
    "num_exhausted_context_windows": 0,
    "num_malformed_responses": 0,
    "syntax_errors": 0,
    "indentation_errors": 0,
    "lazy_comments": 0,
    "chat_hashes": [
        [
            "38fcec346b64887d0200adf82633088292bc935b",
            "8a280a428a546db95525b0ff4331ee2835e27ee5"
        ],
        [
            "80089ce2d85c0b9b89450cdac1498a91119fe9d8",
            "217afd3c051f758b97dc5452b80252c3b104e6ff"
        ]
    ]
}