{
    "testdir": "/benchmarks/2024-09-18-13-00-15--claude-sonnet-test/proverb",
    "testcase": "proverb",
    "model": "anthropic/claude-3-5-sonnet-20240620",
    "edit_format": "diff",
    "tests_outcomes": [
        false,
        true
    ],
    "cost": 0.033348300000000004,
    "duration": 21.232316255569458,
    "test_timeouts": 0,
    "commit_hash": "e603714-dirty",
    "num_error_outputs": 0,
    "num_user_asks": 0,
    "num_exhausted_context_windows": 0,
    "num_malformed_responses": 0,
    "syntax_errors": 0,
    "indentation_errors": 0,
    "lazy_comments": 0,
    "chat_hashes": [
        [
            "1807afca07670012c662d2691fe6395be606628f",
            "8a043d4aea04fc7c810609226c6f89d79389748b"
        ],
        [
            "b6aaa9f937c55041526a0c8840a730fa26f733e7",
            "b3c526162130224862b6a41342b35a8b8ef2bd71"
        ]
    ]
}