{
    "testdir": "/benchmarks/2024-09-18-00-34-01--claude-sonnet-test/resistor-color-trio",
    "testcase": "resistor-color-trio",
    "model": "anthropic/claude-3-5-sonnet-20240620",
    "edit_format": "diff",
    "tests_outcomes": [
        false,
        true
    ],
    "cost": 0.0548832,
    "duration": 37.194443225860596,
    "test_timeouts": 0,
    "commit_hash": "e603714-dirty",
    "num_error_outputs": 0,
    "num_user_asks": 0,
    "num_exhausted_context_windows": 0,
    "num_malformed_responses": 0,
    "syntax_errors": 0,
    "indentation_errors": 0,
    "lazy_comments": 0,
    "chat_hashes": [
        [
            "10b63b6960fe7ed50656d0f8a7fe456061415483",
            "6044e8cbc2aa8070362078850380d1ee68a2d5a7"
        ],
        [
            "123026cc0e5491b38cf8958820a5a852c7a7f282",
            "769c5c6e7bc43a68d62581dea7b5394ddca4815d"
        ]
    ]
}