{
    "testdir": "/benchmarks/2024-09-18-13-00-15--claude-sonnet-test/point-mutations",
    "testcase": "point-mutations",
    "model": "anthropic/claude-3-5-sonnet-20240620",
    "edit_format": "diff",
    "tests_outcomes": [
        false,
        true
    ],
    "cost": 0.0332118,
    "duration": 21.451043367385864,
    "test_timeouts": 0,
    "commit_hash": "e603714-dirty",
    "num_error_outputs": 0,
    "num_user_asks": 0,
    "num_exhausted_context_windows": 0,
    "num_malformed_responses": 0,
    "syntax_errors": 0,
    "indentation_errors": 0,
    "lazy_comments": 0,
    "chat_hashes": [
        [
            "ffc9dbf91d2736793b68a7cd60cb911214788882",
            "4a4aac188f9f22dca27612dbef86b7e5823bdbc0"
        ],
        [
            "0b89574752c46a4044903a60193674bfce47fb7e",
            "f024157171029b7ee60a8d52f8731f3ffb0e7d8e"
        ]
    ]
}