{
    "testdir": "/benchmarks/2024-09-18-13-00-15--claude-sonnet-test/bowling",
    "testcase": "bowling",
    "model": "anthropic/claude-3-5-sonnet-20240620",
    "edit_format": "diff",
    "tests_outcomes": [
        false,
        false
    ],
    "cost": 0.0650928,
    "duration": 38.906005859375,
    "test_timeouts": 0,
    "commit_hash": "e603714-dirty",
    "num_error_outputs": 0,
    "num_user_asks": 0,
    "num_exhausted_context_windows": 0,
    "num_malformed_responses": 0,
    "syntax_errors": 0,
    "indentation_errors": 0,
    "lazy_comments": 0,
    "chat_hashes": [
        [
            "c3a73e4337a9c33297e401776ccc493f59a12491",
            "1eab308fc999273930bd59b746eac2015a74cf69"
        ],
        [
            "4b0105da935245e5bc8f0916aa60725e9b17fa1a",
            "de488cbebb4a6d27c4c00e7c8258155b74248efd"
        ]
    ]
}