{
    "testdir": "/benchmarks/2024-09-20-01-31-20--claude-sonnet-test/book-store",
    "testcase": "book-store",
    "model": "anthropic/claude-3-5-sonnet-20240620",
    "edit_format": "diff",
    "tests_outcomes": [
        false,
        false
    ],
    "cost": 0.0564225,
    "duration": 40.32553577423096,
    "test_timeouts": 0,
    "commit_hash": "e603714-dirty",
    "num_error_outputs": 0,
    "num_user_asks": 0,
    "num_exhausted_context_windows": 0,
    "num_malformed_responses": 0,
    "syntax_errors": 0,
    "indentation_errors": 0,
    "lazy_comments": 0,
    "chat_hashes": [
        [
            "322c7f82a50a079195d75368e5bd440078ff197c",
            "0a84019616e96917d7ce1bd7e22d4000f71bb692"
        ],
        [
            "c526864319015d7bb67610df1168f1f03d81cd10",
            "d2336d5e50bef2f6c5d643f029d0893142015eec"
        ]
    ]
}