{
    "testdir": "/benchmarks/2024-09-18-00-34-01--claude-sonnet-test/robot-name",
    "testcase": "robot-name",
    "model": "anthropic/claude-3-5-sonnet-20240620",
    "edit_format": "diff",
    "tests_outcomes": [
        false,
        true
    ],
    "cost": 0.041935200000000006,
    "duration": 29.6560537815094,
    "test_timeouts": 0,
    "commit_hash": "e603714-dirty",
    "num_error_outputs": 0,
    "num_user_asks": 0,
    "num_exhausted_context_windows": 0,
    "num_malformed_responses": 0,
    "syntax_errors": 0,
    "indentation_errors": 0,
    "lazy_comments": 0,
    "chat_hashes": [
        [
            "ac73659bb7119b9d104f5354c974bf686f99ee83",
            "c78327595ff820a14ef234dafdf5a3c2ac6826cb"
        ],
        [
            "8c439799f22554c1f14f3a078a9e26a7a50e0133",
            "ac55d0b1463f9ad78ce7774591b6628027ca13c4"
        ]
    ]
}