{
    "testdir": "/benchmarks/2024-09-20-01-31-20--claude-sonnet-test/meetup",
    "testcase": "meetup",
    "model": "anthropic/claude-3-5-sonnet-20240620",
    "edit_format": "diff",
    "tests_outcomes": [
        false,
        true
    ],
    "cost": 0.050058000000000005,
    "duration": 38.34510850906372,
    "test_timeouts": 0,
    "commit_hash": "e603714-dirty",
    "num_error_outputs": 0,
    "num_user_asks": 0,
    "num_exhausted_context_windows": 0,
    "num_malformed_responses": 0,
    "syntax_errors": 0,
    "indentation_errors": 0,
    "lazy_comments": 0,
    "chat_hashes": [
        [
            "e5e74f3dd8bb4e654cbe6598c85ce0d1a1a02395",
            "564c2ebf166c6cec68b1d58ddcb5df91ea566373"
        ],
        [
            "a674f19480fd9f50ac23e60bffefef8588e8585b",
            "e38fa94f9291c13db2268b092165480ab6383dcb"
        ]
    ]
}