{
    "testdir": "/benchmarks/2024-09-20-01-31-20--claude-sonnet-test/variable-length-quantity",
    "testcase": "variable-length-quantity",
    "model": "anthropic/claude-3-5-sonnet-20240620",
    "edit_format": "diff",
    "tests_outcomes": [
        false,
        true
    ],
    "cost": 0.04946175,
    "duration": 30.517037868499756,
    "test_timeouts": 0,
    "commit_hash": "e603714-dirty",
    "num_error_outputs": 0,
    "num_user_asks": 0,
    "num_exhausted_context_windows": 0,
    "num_malformed_responses": 0,
    "syntax_errors": 0,
    "indentation_errors": 0,
    "lazy_comments": 0,
    "chat_hashes": [
        [
            "4cd028ca00f186a564805c43a24ad7c85bd321b8",
            "bcff94814b40e8ed17e081090e82a5147eb25c94"
        ],
        [
            "9325d91ad526ad9d4394546e8bf92d6352d330f5",
            "0b7b110635b6659a15240a1695c19788e5ddfa23"
        ]
    ]
}