{
    "testdir": "/benchmarks/2024-09-20-01-31-20--claude-sonnet-test/dot-dsl",
    "testcase": "dot-dsl",
    "model": "anthropic/claude-3-5-sonnet-20240620",
    "edit_format": "diff",
    "tests_outcomes": [
        false,
        true
    ],
    "cost": 0.094023,
    "duration": 35.309505224227905,
    "test_timeouts": 0,
    "commit_hash": "e603714-dirty",
    "num_error_outputs": 0,
    "num_user_asks": 0,
    "num_exhausted_context_windows": 0,
    "num_malformed_responses": 0,
    "syntax_errors": 0,
    "indentation_errors": 0,
    "lazy_comments": 0,
    "chat_hashes": [
        [
            "714db8011fb795db9dcf8e2a4195e21675e13638",
            "f278a012491f2be9cf3a0bc6bdf7393404191f00"
        ],
        [
            "76fc3254435e793dc86c8b8c4ef15c2be768db0c",
            "dd1c3bfb9f12ad3aec092631498530e23de9768e"
        ]
    ]
}