{
    "testdir": "/benchmarks/2024-09-20-01-31-20--claude-sonnet-test/minesweeper",
    "testcase": "minesweeper",
    "model": "anthropic/claude-3-5-sonnet-20240620",
    "edit_format": "diff",
    "tests_outcomes": [
        false,
        true
    ],
    "cost": 0.08770125000000001,
    "duration": 30.23129892349243,
    "test_timeouts": 0,
    "commit_hash": "e603714-dirty",
    "num_error_outputs": 0,
    "num_user_asks": 0,
    "num_exhausted_context_windows": 0,
    "num_malformed_responses": 0,
    "syntax_errors": 0,
    "indentation_errors": 0,
    "lazy_comments": 0,
    "chat_hashes": [
        [
            "096b8dad5835734e129de0226642b28cb2efa486",
            "6e5302e5c45b8c090af8a3dee037dd0659475abc"
        ],
        [
            "a6805799b5adf6ae687ab03d3d82159aaaf94c04",
            "e25e0639b03be12f0e671cf856ab57a164153bc5"
        ]
    ]
}