{
    "testdir": "/benchmarks/2024-09-18-13-00-15--claude-sonnet-test/pig-latin",
    "testcase": "pig-latin",
    "model": "anthropic/claude-3-5-sonnet-20240620",
    "edit_format": "diff",
    "tests_outcomes": [
        false,
        false
    ],
    "cost": 0.05195955000000001,
    "duration": 31.900250673294067,
    "test_timeouts": 0,
    "commit_hash": "e603714-dirty",
    "num_error_outputs": 0,
    "num_user_asks": 0,
    "num_exhausted_context_windows": 0,
    "num_malformed_responses": 0,
    "syntax_errors": 0,
    "indentation_errors": 0,
    "lazy_comments": 0,
    "chat_hashes": [
        [
            "dcddf7f7680f4b02a7a13b06b10568cf7a97c9e3",
            "78c0fa095ef29c377086abee937520da8249227f"
        ],
        [
            "a0c02cc4fe5d9b80083c56598c3d5e05d812c694",
            "e4e6e59575b3a7abbb3215444fee5f1da5aff23d"
        ]
    ]
}