{
    "testdir": "/benchmarks/2024-09-18-00-34-01--claude-sonnet-test/ocr-numbers",
    "testcase": "ocr-numbers",
    "model": "anthropic/claude-3-5-sonnet-20240620",
    "edit_format": "diff",
    "tests_outcomes": [
        false,
        false
    ],
    "cost": 0.054616200000000004,
    "duration": 43.445159673690796,
    "test_timeouts": 0,
    "commit_hash": "e603714-dirty",
    "num_error_outputs": 0,
    "num_user_asks": 0,
    "num_exhausted_context_windows": 0,
    "num_malformed_responses": 0,
    "syntax_errors": 0,
    "indentation_errors": 0,
    "lazy_comments": 0,
    "chat_hashes": [
        [
            "9e1ed92c375238a7c9dd2d16c00adc488917f336",
            "904c883c735f92eeceee7c632d256585deb8c46c"
        ],
        [
            "ae11394810cafc1e9828d2df269910b60564d5f4",
            "ae784e6b5c2c7534ec3fe0ec0a9e234984269b5f"
        ]
    ]
}