{
    "testdir": "/benchmarks/2024-09-18-00-34-01--claude-sonnet-test/point-mutations",
    "testcase": "point-mutations",
    "model": "anthropic/claude-3-5-sonnet-20240620",
    "edit_format": "diff",
    "tests_outcomes": [
        false,
        true
    ],
    "cost": 0.04400145,
    "duration": 26.853951692581177,
    "test_timeouts": 0,
    "commit_hash": "e603714-dirty",
    "num_error_outputs": 0,
    "num_user_asks": 0,
    "num_exhausted_context_windows": 0,
    "num_malformed_responses": 0,
    "syntax_errors": 0,
    "indentation_errors": 0,
    "lazy_comments": 0,
    "chat_hashes": [
        [
            "188d676997b94976530dca6308fbd2390be32836",
            "74d3916a50f5073960b70d2ad0ff6af5973ffd1d"
        ],
        [
            "84ba456263662759181f7c7ce9411d80ece9a811",
            "50d387c218b66dc82bdfe2dcd8bede43fe0fcbdb"
        ]
    ]
}