{
    "testdir": "/benchmarks/2024-09-18-00-34-01--claude-sonnet-test/pig-latin",
    "testcase": "pig-latin",
    "model": "anthropic/claude-3-5-sonnet-20240620",
    "edit_format": "diff",
    "tests_outcomes": [
        false,
        true
    ],
    "cost": 0.0515577,
    "duration": 31.851329803466797,
    "test_timeouts": 0,
    "commit_hash": "e603714-dirty",
    "num_error_outputs": 0,
    "num_user_asks": 0,
    "num_exhausted_context_windows": 0,
    "num_malformed_responses": 0,
    "syntax_errors": 0,
    "indentation_errors": 0,
    "lazy_comments": 0,
    "chat_hashes": [
        [
            "65ae6359b51be098fe40b50602101fbe16b8d323",
            "7ebf593d14aabcbe63931c89dd2ed0e155ad72de"
        ],
        [
            "d578d0a64938e79c8fd752d20e0c04506a226e5a",
            "7c351a4d932c331af23a729149e2f0417434e327"
        ]
    ]
}