{
    "testdir": "/benchmarks/2024-09-18-13-00-15--claude-sonnet-test/ocr-numbers",
    "testcase": "ocr-numbers",
    "model": "anthropic/claude-3-5-sonnet-20240620",
    "edit_format": "diff",
    "tests_outcomes": [
        false,
        false
    ],
    "cost": 0.04525905,
    "duration": 26.88968276977539,
    "test_timeouts": 0,
    "commit_hash": "e603714-dirty",
    "num_error_outputs": 0,
    "num_user_asks": 0,
    "num_exhausted_context_windows": 0,
    "num_malformed_responses": 0,
    "syntax_errors": 0,
    "indentation_errors": 0,
    "lazy_comments": 0,
    "chat_hashes": [
        [
            "b96b2938244e36a38898e26b8ae6124e6a147e4c",
            "61cb58a4870300a494b9090353677aaa9bf830c9"
        ],
        [
            "0d29131498d42279777fafa5d12dedb0c27df59e",
            "5fdc84a8bc524fc9b4fde68cc6c155103ed17bb0"
        ]
    ]
}