{
    "testdir": "/benchmarks/2024-09-18-00-34-01--claude-sonnet-test/robot-simulator",
    "testcase": "robot-simulator",
    "model": "anthropic/claude-3-5-sonnet-20240620",
    "edit_format": "diff",
    "tests_outcomes": [
        false,
        false
    ],
    "cost": 0.041743199999999994,
    "duration": 27.59369659423828,
    "test_timeouts": 0,
    "commit_hash": "e603714-dirty",
    "num_error_outputs": 0,
    "num_user_asks": 0,
    "num_exhausted_context_windows": 0,
    "num_malformed_responses": 0,
    "syntax_errors": 0,
    "indentation_errors": 0,
    "lazy_comments": 0,
    "chat_hashes": [
        [
            "80ad5115e39a8c5e4f410c8a7138afbbc6737d9a",
            "5ffdde59418c8ae816b6d668854220a264b0c939"
        ],
        [
            "338a4d79157f5cb3d2ef88f4c306f17628781446",
            "e3925289c8f662404ad2868f413bf6592c66c216"
        ]
    ]
}