{
    "testdir": "/benchmarks/2024-09-20-01-31-20--claude-sonnet-test/word-count",
    "testcase": "word-count",
    "model": "anthropic/claude-3-5-sonnet-20240620",
    "edit_format": "diff",
    "tests_outcomes": [
        false,
        true
    ],
    "cost": 0.041376750000000004,
    "duration": 25.97435188293457,
    "test_timeouts": 0,
    "commit_hash": "e603714-dirty",
    "num_error_outputs": 0,
    "num_user_asks": 0,
    "num_exhausted_context_windows": 0,
    "num_malformed_responses": 0,
    "syntax_errors": 0,
    "indentation_errors": 0,
    "lazy_comments": 0,
    "chat_hashes": [
        [
            "91212cbe716712159d03316cac7f539705828f7e",
            "81aa8bc2868d10c50bd7e4a3225bb0a4fa4f018d"
        ],
        [
            "d0053e02bceeb8088f7537e9d4ad5b7ec3149d9e",
            "adc9e0a406ee7caa97aed609785e5c8505700373"
        ]
    ]
}