{
    "testdir": "/benchmarks/2024-09-18-00-34-01--claude-sonnet-test/rest-api",
    "testcase": "rest-api",
    "model": "anthropic/claude-3-5-sonnet-20240620",
    "edit_format": "diff",
    "tests_outcomes": [
        false,
        true
    ],
    "cost": 0.06866745,
    "duration": 49.494685888290405,
    "test_timeouts": 0,
    "commit_hash": "e603714-dirty",
    "num_error_outputs": 0,
    "num_user_asks": 0,
    "num_exhausted_context_windows": 0,
    "num_malformed_responses": 0,
    "syntax_errors": 0,
    "indentation_errors": 0,
    "lazy_comments": 0,
    "chat_hashes": [
        [
            "73bf8fb1f71e32f1a1a14b36dbc4abc96a14b986",
            "a8b6eae1d6c2a3b36a964db4af85f412c1a2113c"
        ],
        [
            "212f6db692055c37d3642e29430b04ab27a8f930",
            "b55b85c3d6a5557fcdd26262555ebe8f5592ba22"
        ]
    ]
}