{
    "testdir": "/benchmarks/2024-09-18-00-34-01--claude-sonnet-test/transpose",
    "testcase": "transpose",
    "model": "anthropic/claude-3-5-sonnet-20240620",
    "edit_format": "diff",
    "tests_outcomes": [
        false,
        false
    ],
    "cost": 0.05053995,
    "duration": 37.44615602493286,
    "test_timeouts": 0,
    "commit_hash": "e603714-dirty",
    "num_error_outputs": 0,
    "num_user_asks": 0,
    "num_exhausted_context_windows": 0,
    "num_malformed_responses": 0,
    "syntax_errors": 0,
    "indentation_errors": 0,
    "lazy_comments": 0,
    "chat_hashes": [
        [
            "4ece53c397ed67d90c4e34cc5083d300d665ae2b",
            "8d85274f7338585183e6baf1086e1c283aced920"
        ],
        [
            "9f2d7a4d18bb700d17073011c10397a1413f8d39",
            "53b97b42462492b5dff588afd3469177cdb6ead4"
        ]
    ]
}