{
    "testdir": "/benchmarks/2024-09-18-00-34-01--claude-sonnet-test/resistor-color-expert",
    "testcase": "resistor-color-expert",
    "model": "anthropic/claude-3-5-sonnet-20240620",
    "edit_format": "diff",
    "tests_outcomes": [
        false,
        false
    ],
    "cost": 0.0605997,
    "duration": 45.312591791152954,
    "test_timeouts": 0,
    "commit_hash": "e603714-dirty",
    "num_error_outputs": 0,
    "num_user_asks": 0,
    "num_exhausted_context_windows": 0,
    "num_malformed_responses": 0,
    "syntax_errors": 0,
    "indentation_errors": 0,
    "lazy_comments": 0,
    "chat_hashes": [
        [
            "c39caf488e9629e16765e1212ba0db01ad6a493c",
            "822a309b2773c1a364055128f3d007d974dee50a"
        ],
        [
            "b34099089cd744a60d2abd7b74b3fe6d9ede836b",
            "f786bce74067f082536833c8bddd90f657d21939"
        ]
    ]
}