{
    "testdir": "/benchmarks/2024-09-20-01-31-20--claude-sonnet-test/transpose",
    "testcase": "transpose",
    "model": "anthropic/claude-3-5-sonnet-20240620",
    "edit_format": "diff",
    "tests_outcomes": [
        false,
        false
    ],
    "cost": 0.0737955,
    "duration": 31.17875051498413,
    "test_timeouts": 0,
    "commit_hash": "e603714-dirty",
    "num_error_outputs": 0,
    "num_user_asks": 0,
    "num_exhausted_context_windows": 0,
    "num_malformed_responses": 0,
    "syntax_errors": 0,
    "indentation_errors": 0,
    "lazy_comments": 0,
    "chat_hashes": [
        [
            "9262d97c370bad61222ec60b1ac3cade5031629b",
            "025d0da0f54339c55b7235ef1d53cc39723e737a"
        ],
        [
            "fa8f9cd89ec17e29496697fa509b722709538499",
            "504dc3c45302e9571421e23c0e64760052542e4a"
        ]
    ]
}