{
    "testdir": "/benchmarks/2024-09-18-00-34-01--claude-sonnet-test/killer-sudoku-helper",
    "testcase": "killer-sudoku-helper",
    "model": "anthropic/claude-3-5-sonnet-20240620",
    "edit_format": "diff",
    "tests_outcomes": [
        false,
        true
    ],
    "cost": 0.04405245000000001,
    "duration": 32.07291889190674,
    "test_timeouts": 0,
    "commit_hash": "e603714-dirty",
    "num_error_outputs": 0,
    "num_user_asks": 0,
    "num_exhausted_context_windows": 0,
    "num_malformed_responses": 0,
    "syntax_errors": 0,
    "indentation_errors": 0,
    "lazy_comments": 0,
    "chat_hashes": [
        [
            "35de247cbcb09080e22709e0c5c64c0f98b93bf8",
            "01abd30f46323c99fc751dd025ca5638a416b847"
        ],
        [
            "581fe555a963599fcf7c99461fa6e87ce7b31582",
            "903802f9fd1ebcb21903220ea32132065c2ec397"
        ]
    ]
}