{
    "testdir": "/benchmarks/2024-09-20-01-31-20--claude-sonnet-test/house",
    "testcase": "house",
    "model": "anthropic/claude-3-5-sonnet-20240620",
    "edit_format": "diff",
    "tests_outcomes": [
        false,
        false
    ],
    "cost": 0.1356075,
    "duration": 66.51587891578674,
    "test_timeouts": 0,
    "commit_hash": "e603714-dirty",
    "num_error_outputs": 0,
    "num_user_asks": 0,
    "num_exhausted_context_windows": 0,
    "num_malformed_responses": 0,
    "syntax_errors": 0,
    "indentation_errors": 0,
    "lazy_comments": 0,
    "chat_hashes": [
        [
            "378f344e75ada42b1aabd545323750ef6fe8be8e",
            "dc501af373b1f22a3507162a88f99edca961c43e"
        ],
        [
            "312fddf2853fbad3e9325b2764dbb4c53732941a",
            "b1c61169436f9f275c64a4e240c0ae38a1f59bad"
        ]
    ]
}