{
    "testdir": "/benchmarks/2024-09-18-13-00-15--claude-sonnet-test/wordy",
    "testcase": "wordy",
    "model": "anthropic/claude-3-5-sonnet-20240620",
    "edit_format": "diff",
    "tests_outcomes": [
        false,
        false
    ],
    "cost": 0.15779205000000002,
    "duration": 162.79505586624146,
    "test_timeouts": 0,
    "commit_hash": "e603714-dirty",
    "num_error_outputs": 0,
    "num_user_asks": 0,
    "num_exhausted_context_windows": 0,
    "num_malformed_responses": 0,
    "syntax_errors": 0,
    "indentation_errors": 0,
    "lazy_comments": 0,
    "chat_hashes": [
        [
            "c8a4955422c3653fb505b72820443a46fdb280f1",
            "badf8b57d50cfadf8820a349630a3b6419ac0ad7"
        ],
        [
            "9b740d1b197899dd7c1020df4f1636eefd4c7a38",
            "ae2a9c1e5e28928bc51d1631349a7bc23adebccb"
        ]
    ]
}