{
    "testdir": "/benchmarks/2024-09-20-01-31-20--claude-sonnet-test/pov",
    "testcase": "pov",
    "model": "anthropic/claude-3-5-sonnet-20240620",
    "edit_format": "diff",
    "tests_outcomes": [
        false,
        false
    ],
    "cost": 0.06897975,
    "duration": 47.64474391937256,
    "test_timeouts": 0,
    "commit_hash": "e603714-dirty",
    "num_error_outputs": 0,
    "num_user_asks": 0,
    "num_exhausted_context_windows": 0,
    "num_malformed_responses": 0,
    "syntax_errors": 0,
    "indentation_errors": 0,
    "lazy_comments": 0,
    "chat_hashes": [
        [
            "f512d0d6600eb6ec10d24f9d8964d85616350da1",
            "4cf8090bea51d2d03285586509a859bdad300683"
        ],
        [
            "23c61ff5cdbc4ad74539a26bf89029059231f5d1",
            "33f68c83c047931940702de2ecee7624ca3d995b"
        ]
    ]
}