{
    "testdir": "/benchmarks/2024-09-20-01-31-20--claude-sonnet-test/bowling",
    "testcase": "bowling",
    "model": "anthropic/claude-3-5-sonnet-20240620",
    "edit_format": "diff",
    "tests_outcomes": [
        false,
        false
    ],
    "cost": 0.06272025,
    "duration": 42.39106798171997,
    "test_timeouts": 0,
    "commit_hash": "e603714-dirty",
    "num_error_outputs": 0,
    "num_user_asks": 0,
    "num_exhausted_context_windows": 0,
    "num_malformed_responses": 0,
    "syntax_errors": 0,
    "indentation_errors": 0,
    "lazy_comments": 0,
    "chat_hashes": [
        [
            "6ef9981c2db16c052b7a2cb490a7f2680e8c4b16",
            "ffe6922b3a56643e2204895aabe4ac6cd0305594"
        ],
        [
            "3b486b44bbcd87278048b5975b460374235f2902",
            "69c2b7d27aa382334bb00872d920caa09c36f9bb"
        ]
    ]
}