{
    "testdir": "/benchmarks/2024-09-18-13-00-15--claude-sonnet-test/react",
    "testcase": "react",
    "model": "anthropic/claude-3-5-sonnet-20240620",
    "edit_format": "diff",
    "tests_outcomes": [
        false,
        false
    ],
    "cost": 0.04515855,
    "duration": 31.356229543685913,
    "test_timeouts": 0,
    "commit_hash": "e603714-dirty",
    "num_error_outputs": 0,
    "num_user_asks": 0,
    "num_exhausted_context_windows": 0,
    "num_malformed_responses": 0,
    "syntax_errors": 0,
    "indentation_errors": 0,
    "lazy_comments": 0,
    "chat_hashes": [
        [
            "fbf1c48aa9631634722a8139b6c81bbde364fa88",
            "0e0ad37003671f4b81d2fce04999d15f62a893f5"
        ],
        [
            "f77506049facac13522e35ad654cd20e8fbef7e6",
            "910e5400f53bc273a0b564feb21f9069c5708471"
        ]
    ]
}