{
    "testdir": "/benchmarks/2024-09-18-13-00-15--claude-sonnet-test/complex-numbers",
    "testcase": "complex-numbers",
    "model": "anthropic/claude-3-5-sonnet-20240620",
    "edit_format": "diff",
    "tests_outcomes": [
        false,
        true
    ],
    "cost": 0.06230355,
    "duration": 38.40681266784668,
    "test_timeouts": 0,
    "commit_hash": "e603714-dirty",
    "num_error_outputs": 0,
    "num_user_asks": 0,
    "num_exhausted_context_windows": 0,
    "num_malformed_responses": 0,
    "syntax_errors": 0,
    "indentation_errors": 0,
    "lazy_comments": 0,
    "chat_hashes": [
        [
            "12c687f541ac508332d0d88d8fac7cc2c906f6d5",
            "3c0ae3c5394437bb8969b32d74406c376d443434"
        ],
        [
            "c7a96c1b3f2d8d38b32fd9076bd5d6645cf77f09",
            "01bcf94109ea5939da305d9d6c072c7a6961ce39"
        ]
    ]
}