{
    "testdir": "/benchmarks/2024-09-18-13-00-15--claude-sonnet-test/forth",
    "testcase": "forth",
    "model": "anthropic/claude-3-5-sonnet-20240620",
    "edit_format": "diff",
    "tests_outcomes": [
        false,
        false
    ],
    "cost": 0.060809550000000004,
    "duration": 37.79766225814819,
    "test_timeouts": 0,
    "commit_hash": "e603714-dirty",
    "num_error_outputs": 0,
    "num_user_asks": 0,
    "num_exhausted_context_windows": 0,
    "num_malformed_responses": 0,
    "syntax_errors": 0,
    "indentation_errors": 0,
    "lazy_comments": 0,
    "chat_hashes": [
        [
            "620a71d0d6458c9ebbb7fc1e472111116d84a33d",
            "de01e88467bcbeedb55eecaa93a39c6dbcc0b648"
        ],
        [
            "8864b468ed643845b59097a050e11b71451981e9",
            "91adc1b810b5b02e07019dc7472cf26de71ba587"
        ]
    ]
}