{
    "testdir": "/benchmarks/2024-09-18-00-34-01--claude-sonnet-test/connect",
    "testcase": "connect",
    "model": "anthropic/claude-3-5-sonnet-20240620",
    "edit_format": "diff",
    "tests_outcomes": [
        false,
        false
    ],
    "cost": 0.0759417,
    "duration": 52.61522173881531,
    "test_timeouts": 0,
    "commit_hash": "e603714-dirty",
    "num_error_outputs": 0,
    "num_user_asks": 0,
    "num_exhausted_context_windows": 0,
    "num_malformed_responses": 0,
    "syntax_errors": 0,
    "indentation_errors": 0,
    "lazy_comments": 0,
    "chat_hashes": [
        [
            "f85d15d21ce55db632aedd2d8461eddd475f8677",
            "1745279dd9216a126404105c239815fe617a0b1f"
        ],
        [
            "cb1cd2d7c367fe9abf9c14bfd8ba8262e99a6cc0",
            "59187a09588058475fce7fddbe1c021a87565a0d"
        ]
    ]
}