{
    "testdir": "/benchmarks/2024-09-18-13-00-15--claude-sonnet-test/paasio",
    "testcase": "paasio",
    "model": "anthropic/claude-3-5-sonnet-20240620",
    "edit_format": "diff",
    "tests_outcomes": [
        false,
        false
    ],
    "cost": 0.0600708,
    "duration": 34.92396354675293,
    "test_timeouts": 0,
    "commit_hash": "e603714-dirty",
    "num_error_outputs": 0,
    "num_user_asks": 0,
    "num_exhausted_context_windows": 0,
    "num_malformed_responses": 0,
    "syntax_errors": 0,
    "indentation_errors": 0,
    "lazy_comments": 0,
    "chat_hashes": [
        [
            "9adba173bec50d3cb28c44e9727f0af8d37e6e4a",
            "89cbb4356878e87f854e8db249062ab6816815e9"
        ],
        [
            "6c00f06715a25c3d9eb9168cab2df0188f073beb",
            "ce0074578da1c1f49e525ca1a708266f14974dba"
        ]
    ]
}