{
    "testdir": "/benchmarks/2024-09-18-00-34-01--claude-sonnet-test/series",
    "testcase": "series",
    "model": "anthropic/claude-3-5-sonnet-20240620",
    "edit_format": "diff",
    "tests_outcomes": [
        false,
        true
    ],
    "cost": 0.038028450000000005,
    "duration": 25.103335857391357,
    "test_timeouts": 0,
    "commit_hash": "e603714-dirty",
    "num_error_outputs": 0,
    "num_user_asks": 0,
    "num_exhausted_context_windows": 0,
    "num_malformed_responses": 0,
    "syntax_errors": 0,
    "indentation_errors": 0,
    "lazy_comments": 0,
    "chat_hashes": [
        [
            "bb9e405d2722aa13dd161fc1d01842d836f70455",
            "38b4766979636f2688a5690248c68776f8cfcfa7"
        ],
        [
            "4dd9abe688784511ad3d59fcb2f6c658f5101047",
            "e826eb24c88d1515c4035d9152ee755dafb064b1"
        ]
    ]
}