{
    "testdir": "/benchmarks/2024-09-18-13-00-15--claude-sonnet-test/affine-cipher",
    "testcase": "affine-cipher",
    "model": "anthropic/claude-3-5-sonnet-20240620",
    "edit_format": "diff",
    "tests_outcomes": [
        false,
        false
    ],
    "cost": 0.044682299999999994,
    "duration": 32.27903127670288,
    "test_timeouts": 0,
    "commit_hash": "e603714-dirty",
    "num_error_outputs": 0,
    "num_user_asks": 0,
    "num_exhausted_context_windows": 0,
    "num_malformed_responses": 0,
    "syntax_errors": 0,
    "indentation_errors": 0,
    "lazy_comments": 0,
    "chat_hashes": [
        [
            "14062e11e2a3a2b439d1f665a904329e9657c888",
            "571c8792187a2d7a7d734a12bdf983941cb75685"
        ],
        [
            "fc7786b94279a0a3fbaccf84e6cad5e5d44692d0",
            "b77a3a3161acebcb3708e6122cbfbc96576905f6"
        ]
    ]
}